Term,Value
already,0.022
england,0.001
ve,0.009
people,0.001
ages,0.001
back,0.009
migrant,0.001
connections,0.03
middle,0.001
awakening,0.008
anti,0.001
want,0.001
duck,0.017
go,0.018
28sd7wu,0.001
stopfascists,0.001
empire,0.0
politico,0.001
lessons,0.022
project,0.008
brexit,0.009
america,0.001
built,0.018
lead,0.022
eu,0.001
s,0.009
notoeu,0.001
actually,0.001
damn,0.022
take,0.001
2016,0.0
define,0.008
europe,0.022
http,0.001
uk,0.001
welcome,0.001
return,0.0
downtown,0.008
revived,0.0
merry,0.001
fall,0.0
comeback,0.001
post,0.018
now,0.001
longer,0.022
davidjo52951945,0.008
stone,0.018
prehistoric,0.008
ironage,0.008
like,0.001
trump,0.001
joke,0.008
age,0.009
britain,0.009
us,0.001
will,0.009
matter,0.008
roman,0.009
t,0.001
iron,0.009
archaeologist,0.009
top,0.022
